t,S
0,2550
1,2550
2,2549
3,2549
4,2549
5,2548
6,2547
7,2544
8,2539
9,2538
10,2535
11,2532
12,2529
13,2521
14,2515
15,2508
16,2502
17,2489
18,2479
19,2469
20,2459
21,2439
22,2426
23,2408
24,2394
25,2385
26,2373
27,2366
28,2356
29,2344
30,2332
31,2321
32,2303
33,2288
34,2270
35,2259
36,2254
37,2234
38,2230
39,2220
40,2209
41,2194
42,2181
43,2174
44,2159
45,2152
46,2143
47,2136
48,2119
49,2110
50,2099
51,2090
52,2077
53,2063
54,2054
55,2040
56,2027
57,2017
58,1999
59,1979
60,1949
61,1929
62,1895
63,1860
64,1831
65,1787
66,1752
67,1717
68,1678
69,1639
70,1590
71,1543
72,1491
73,1442
74,1397
75,1341
76,1286
77,1240
78,1196
79,1158
80,1104
81,1058
82,997
83,952
84,896
85,854
86,820
87,779
88,744
89,699
90,668
91,636
92,604
93,574
94,539
95,500
96,472
97,446
98,412
99,392
100,380
101,364
102,353
103,335
104,329
105,323
106,314
107,309
108,306
109,295
110,290
111,288
112,286
113,283
114,284
115,279
116,267
117,263
118,261
119,253
120,261
121,241
122,240
123,245
124,237
125,236
126,242
127,243
128,236
129,235
130,234
131,240
132,237
133,244
134,243
135,244
136,253
137,257
138,256
139,270
140,270
141,265
142,262
143,259
144,259
145,253
146,254
147,253
148,242
149,238
150,236
151,248
152,263
153,266
154,268
155,263
156,258
157,260
158,266
159,270
160,275
161,265
162,264
163,267
164,269
165,268
166,273
167,281
168,288
169,285
170,273
171,279
172,279
173,274
174,273
175,279
176,286
177,273
178,275
179,274
180,277
181,274
182,260
183,263
184,263
185,261
186,255
187,259
188,263
189,267
190,273
191,277
192,284
193,276
194,272
195,279
196,271
197,278
198,290
199,298
200,298
201,308
202,308
203,318
204,327
205,322
206,327
207,333
208,328
209,320
210,324
211,321
212,320
213,334
214,326
215,327
216,338
217,335
218,337
219,333
220,337
221,334
222,341
223,348
224,341
225,337
226,334
227,334
228,334
229,324
230,308
231,304
232,301
233,300
234,293
235,292
236,284
237,282
238,290
239,290
240,289
241,283
242,292
243,296
244,293
245,291
246,295
247,296
248,294
249,303
250,297
251,294
252,302
253,298
254,299
255,302
256,303
257,302
258,307
259,309
260,304
261,303
262,300
263,306
264,309
265,314
266,325
267,312
268,304
269,297
270,295
271,287
272,291
273,288
274,293
275,290
276,288
277,291
278,294
279,303
280,298
281,299
282,306
283,302
284,288
285,298
286,298
287,292
288,296
289,296
290,300
291,297
292,300
293,298
294,304
295,293
296,292
297,290
298,295
299,299
300,300
301,301
302,296
303,300
304,311
305,324
306,334
307,334
308,327
309,322
310,323
311,314
312,315
313,304
314,310
315,310
316,315
317,314
318,317
319,311
320,310
321,310
322,309
323,311
324,308
325,304
326,304
327,304
328,300
329,298
330,310
331,315
332,323
333,329
334,332
335,335
336,339
337,337
338,342
339,338
340,344
341,347
342,355
343,366
344,362
345,357
346,358
347,368
348,370
349,367
350,360
351,359
352,368
353,377
354,385
355,379
356,378
357,387
358,391
359,401
360,403
361,401
362,401
363,399
364,396
0,2550
1,2548
2,2545
3,2543
4,2538
5,2534
6,2526
7,2521
8,2516
9,2509
10,2502
11,2494
12,2487
13,2478
14,2477
15,2476
16,2471
17,2468
18,2465
19,2461
20,2455
21,2448
22,2443
23,2438
24,2434
25,2431
26,2426
27,2417
28,2407
29,2400
30,2390
31,2384
32,2376
33,2359
34,2353
35,2345
36,2330
37,2315
38,2297
39,2271
40,2250
41,2227
42,2184
43,2151
44,2120
45,2091
46,2067
47,2031
48,2005
49,1983
50,1956
51,1937
52,1903
53,1878
54,1838
55,1807
56,1771
57,1748
58,1709
59,1681
60,1642
61,1600
62,1567
63,1529
64,1476
65,1432
66,1380
67,1346
68,1304
69,1259
70,1217
71,1189
72,1146
73,1111
74,1077
75,1049
76,1007
77,971
78,934
79,913
80,874
81,836
82,807
83,774
84,746
85,716
86,692
87,653
88,631
89,612
90,594
91,562
92,534
93,521
94,514
95,502
96,488
97,474
98,475
99,466
100,459
101,447
102,438
103,420
104,402
105,400
106,381
107,386
108,383
109,381
110,366
111,365
112,370
113,370
114,362
115,355
116,353
117,342
118,329
119,326
120,316
121,317
122,309
123,309
124,304
125,303
126,307
127,325
128,327
129,328
130,320
131,324
132,327
133,321
134,308
135,309
136,306
137,302
138,298
139,301
140,312
141,319
142,320
143,322
144,319
145,320
146,320
147,319
148,313
149,322
150,327
151,336
152,335
153,344
154,339
155,336
156,338
157,331
158,341
159,351
160,343
161,338
162,333
163,331
164,317
165,328
166,327
167,326
168,325
169,320
170,323
171,328
172,322
173,328
174,324
175,326
176,334
177,327
178,326
179,322
180,326
181,323
182,316
183,319
184,316
185,323
186,330
187,332
188,327
189,313
190,315
191,328
192,328
193,338
194,336
195,340
196,333
197,334
198,337
199,332
200,330
201,327
202,321
203,326
204,326
205,333
206,341
207,339
208,345
209,334
210,333
211,323
212,324
213,317
214,310
215,310
216,305
217,303
218,302
219,304
220,306
221,304
222,306
223,298
224,305
225,301
226,303
227,306
228,298
229,300
230,301
231,303
232,313
233,310
234,314
235,319
236,318
237,322
238,327
239,331
240,336
241,339
242,329
243,322
244,327
245,324
246,330
247,325
248,318
249,322
250,330
251,336
252,341
253,345
254,349
255,336
256,337
257,328
258,318
259,321
260,323
261,326
262,329
263,327
264,334
265,338
266,343
267,331
268,336
269,340
270,344
271,358
272,349
273,345
274,355
275,352
276,352
277,345
278,344
279,352
280,364
281,371
282,365
283,364
284,363
285,360
286,359
287,361
288,354
289,346
290,346
291,340
292,340
293,339
294,341
295,340
296,347
297,342
298,342
299,333
300,321
301,325
302,327
303,324
304,322
305,334
306,335
307,332
308,319
309,322
310,318
311,310
312,308
313,307
314,308
315,312
316,312
317,307
318,309
319,311
320,304
321,308
322,291
323,295
324,290
325,294
326,281
327,280
328,281
329,289
330,289
331,286
332,281
333,289
334,290
335,306
336,307
337,317
338,310
339,311
340,316
341,319
342,314
343,314
344,318
345,314
346,312
347,318
348,315
349,319
350,322
351,328
352,330
353,332
354,346
355,347
356,359
357,352
358,349
359,351
360,354
361,343
362,341
363,335
364,334
0,2550
1,2550
2,2547
3,2544
4,2539
5,2531
6,2520
7,2505
8,2489
9,2479
10,2466
11,2455
12,2445
13,2432
14,2421
15,2411
16,2386
17,2366
18,2342
19,2321
20,2276
21,2238
22,2206
23,2161
24,2112
25,2068
26,2020
27,1975
28,1943
29,1886
30,1829
31,1771
32,1711
33,1647
34,1575
35,1509
36,1445
37,1378
38,1312
39,1246
40,1171
41,1112
42,1057
43,1003
44,969
45,916
46,860
47,818
48,781
49,736
50,705
51,672
52,636
53,605
54,582
55,565
56,544
57,521
58,519
59,515
60,510
61,501
62,491
63,487
64,487
65,489
66,490
67,473
68,460
69,454
70,447
71,425
72,411
73,402
74,385
75,378
76,372
77,355
78,350
79,354
80,342
81,324
82,315
83,312
84,309
85,301
86,290
87,284
88,279
89,274
90,273
91,277
92,276
93,271
94,279
95,297
96,306
97,306
98,298
99,305
100,309
101,320
102,326
103,327
104,336
105,334
106,332
107,329
108,330
109,332
110,334
111,333
112,333
113,333
114,323
115,320
116,319
117,311
118,315
119,309
120,300
121,299
122,306
123,309
124,309
125,302
126,300
127,301
128,298
129,301
130,307
131,297
132,300
133,303
134,308
135,305
136,303
137,297
138,297
139,306
140,314
141,311
142,313
143,318
144,309
145,307
146,313
147,311
148,315
149,311
150,304
151,306
152,306
153,303
154,298
155,301
156,292
157,294
158,291
159,289
160,291
161,290
162,294
163,292
164,289
165,284
166,274
167,277
168,281
169,277
170,280
171,279
172,281
173,282
174,282
175,285
176,284
177,282
178,286
179,292
180,306
181,317
182,322
183,326
184,317
185,310
186,297
187,300
188,295
189,303
190,301
191,305
192,318
193,320
194,324
195,315
196,319
197,316
198,321
199,327
200,329
201,334
202,328
203,329
204,336
205,345
206,350
207,348
208,341
209,332
210,342
211,349
212,366
213,373
214,375
215,368
216,370
217,369
218,361
219,356
220,350
221,354
222,349
223,346
224,352
225,363
226,365
227,366
228,369
229,387
230,377
231,380
232,383
233,392
234,390
235,399
236,406
237,396
238,396
239,391
240,377
241,381
242,377
243,372
244,371
245,371
246,361
247,357
248,354
249,365
250,375
251,372
252,379
253,376
254,373
255,373
256,369
257,373
258,368
259,365
260,362
261,362
262,366
263,359
264,356
265,361
266,378
267,380
268,385
269,384
270,389
271,395
272,394
273,386
274,387
275,399
276,411
277,421
278,420
279,419
280,414
281,411
282,402
283,394
284,390
285,386
286,379
287,386
288,373
289,374
290,364
291,367
292,362
293,354
294,349
295,343
296,341
297,334
298,331
299,324
300,317
301,318
302,324
303,315
304,311
305,312
306,304
307,292
308,298
309,298
310,289
311,294
312,294
313,287
314,292
315,287
316,286
317,289
318,289
319,288
320,292
321,291
322,284
323,278
324,281
325,276
326,276
327,284
328,278
329,286
330,292
331,287
332,296
333,306
334,309
335,318
336,314
337,313
338,309
339,309
340,306
341,306
342,320
343,316
344,320
345,314
346,314
347,320
348,323
349,324
350,321
351,317
352,319
353,317
354,325
355,336
356,335
357,334
358,335
359,336
360,334
361,326
362,326
363,316
364,320
0,2549
1,2547
2,2546
3,2545
4,2541
5,2537
6,2536
7,2530
8,2524
9,2517
10,2513
11,2510
12,2501
13,2493
14,2483
15,2474
16,2455
17,2444
18,2434
19,2423
20,2404
21,2383
22,2367
23,2346
24,2325
25,2301
26,2276
27,2248
28,2216
29,2181
30,2139
31,2106
32,2081
33,2047
34,2021
35,1983
36,1944
37,1903
38,1863
39,1825
40,1778
41,1736
42,1699
43,1652
44,1615
45,1570
46,1523
47,1483
48,1437
49,1396
50,1354
51,1321
52,1272
53,1234
54,1184
55,1130
56,1086
57,1034
58,991
59,961
60,929
61,896
62,871
63,845
64,818
65,798
66,772
67,765
68,746
69,737
70,728
71,713
72,705
73,692
74,677
75,661
76,653
77,637
78,612
79,585
80,566
81,546
82,518
83,485
84,455
85,421
86,394
87,374
88,360
89,333
90,305
91,275
92,259
93,243
94,237
95,231
96,232
97,231
98,232
99,236
100,233
101,223
102,224
103,218
104,229
105,226
106,218
107,218
108,224
109,236
110,235
111,242
112,240
113,239
114,234
115,236
116,243
117,240
118,240
119,236
120,234
121,230
122,241
123,249
124,252
125,257
126,251
127,248
128,254
129,247
130,243
131,255
132,261
133,262
134,259
135,256
136,260
137,267
138,271
139,268
140,273
141,271
142,272
143,270
144,279
145,280
146,288
147,293
148,293
149,287
150,302
151,303
152,297
153,296
154,296
155,295
156,298
157,303
158,305
159,303
160,307
161,306
162,305
163,311
164,306
165,314
166,310
167,322
168,333
169,339
170,342
171,342
172,350
173,359
174,366
175,371
176,365
177,357
178,355
179,346
180,347
181,338
182,345
183,344
184,347
185,352
186,361
187,353
188,346
189,336
190,347
191,361
192,363
193,366
194,366
195,363
196,365
197,360
198,352
199,353
200,351
201,359
202,365
203,359
204,363
205,366
206,377
207,375
208,368
209,368
210,370
211,377
212,379
213,380
214,379
215,374
216,358
217,360
218,360
219,363
220,365
221,355
222,362
223,363
224,360
225,362
226,367
227,361
228,365
229,370
230,368
231,375
232,376
233,380
234,383
235,377
236,384
237,377
238,373
239,378
240,388
241,390
242,395
243,392
244,400
245,395
246,391
247,398
248,399
249,398
250,395
251,388
252,398
253,389
254,384
255,388
256,388
257,391
258,385
259,385
260,385
261,381
262,383
263,384
264,377
265,376
266,375
267,375
268,371
269,367
270,364
271,362
272,365
273,369
274,381
275,371
276,367
277,356
278,361
279,354
280,351
281,352
282,358
283,358
284,344
285,342
286,339
287,339
288,345
289,339
290,341
291,338
292,335
293,333
294,340
295,339
296,343
297,347
298,336
299,339
300,346
301,351
302,342
303,329
304,336
305,330
306,343
307,330
308,326
309,323
310,315
311,311
312,312
313,320
314,312
315,316
316,315
317,327
318,327
319,324
320,318
321,317
322,324
323,309
324,303
325,306
326,312
327,306
328,308
329,327
330,323
331,320
332,319
333,327
334,322
335,321
336,322
337,319
338,324
339,327
340,323
341,318
342,319
343,322
344,310
345,319
346,324
347,327
348,321
349,324
350,314
351,310
352,313
353,312
354,313
355,300
356,302
357,306
358,310
359,304
360,298
361,305
362,306
363,313
364,315
0,2550
1,2549
2,2549
3,2545
4,2539
5,2529
6,2508
7,2493
8,2473
9,2447
10,2429
11,2408
12,2392
13,2377
14,2362
15,2343
16,2326
17,2300
18,2274
19,2251
20,2222
21,2202
22,2174
23,2140
24,2101
25,2076
26,2047
27,2016
28,1979
29,1958
30,1928
31,1898
32,1874
33,1839
34,1798
35,1771
36,1741
37,1696
38,1665
39,1632
40,1596
41,1571
42,1555
43,1532
44,1511
45,1489
46,1463
47,1441
48,1409
49,1365
50,1323
51,1287
52,1251
53,1201
54,1162
55,1126
56,1083
57,1061
58,1029
59,993
60,966
61,934
62,923
63,894
64,877
65,857
66,851
67,838
68,836
69,835
70,827
71,815
72,807
73,796
74,777
75,768
76,760
77,742
78,728
79,715
80,705
81,692
82,681
83,658
84,626
85,608
86,586
87,566
88,546
89,522
90,509
91,490
92,482
93,467
94,461
95,450
96,439
97,421
98,418
99,422
100,415
101,424
102,417
103,408
104,417
105,418
106,417
107,415
108,413
109,407
110,401
111,396
112,386
113,375
114,375
115,363
116,364
117,356
118,353
119,347
120,346
121,347
122,334
123,344
124,341
125,337
126,331
127,329
128,327
129,318
130,317
131,314
132,315
133,306
134,298
135,294
136,288
137,292
138,284
139,294
140,286
141,281
142,281
143,281
144,280
145,289
146,287
147,293
148,280
149,277
150,284
151,277
152,269
153,258
154,253
155,252
156,249
157,242
158,246
159,242
160,241
161,244
162,245
163,243
164,238
165,240
166,244
167,253
168,246
169,258
170,265
171,269
172,266
173,263
174,255
175,260
176,264
177,273
178,280
179,280
180,277
181,280
182,279
183,281
184,279
185,288
186,290
187,286
188,288
189,293
190,285
191,295
192,300
193,299
194,309
195,300
196,295
197,285
198,282
199,286
200,292
201,292
202,301
203,299
204,302
205,305
206,303
207,308
208,318
209,315
210,324
211,327
212,330
213,339
214,339
215,340
216,342
217,341
218,343
219,356
220,354
221,351
222,359
223,364
224,364
225,361
226,358
227,349
228,339
229,333
230,334
231,338
232,333
233,324
234,325
235,327
236,316
237,317
238,330
239,329
240,328
241,329
242,326
243,320
244,326
245,331
246,338
247,346
248,346
249,340
250,339
251,342
252,345
253,344
254,332
255,337
256,330
257,327
258,335
259,340
260,346
261,348
262,344
263,338
264,336
265,331
266,335
267,336
268,343
269,352
270,358
271,357
272,349
273,355
274,360
275,357
276,353
277,349
278,342
279,347
280,348
281,351
282,356
283,338
284,326
285,313
286,309
287,307
288,314
289,323
290,325
291,327
292,319
293,315
294,325
295,331
296,331
297,323
298,320
299,319
300,328
301,326
302,329
303,327
304,323
305,332
306,336
307,327
308,317
309,319
310,317
311,313
312,322
313,325
314,328
315,323
316,320
317,314
318,318
319,325
320,318
321,322
322,322
323,321
324,323
325,325
326,317
327,319
328,325
329,313
330,319
331,312
332,309
333,308
334,320
335,313
336,314
337,323
338,329
339,336
340,328
341,318
342,311
343,304
344,307
345,307
346,301
347,297
348,287
349,289
350,295
351,290
352,286
353,294
354,300
355,304
356,304
357,315
358,310
359,309
360,324
361,331
362,327
363,324
364,336
0,2551
1,2550
2,2550
3,2550
4,2548
5,2547
6,2545
7,2541
8,2535
9,2527
10,2515
11,2499
12,2485
13,2468
14,2455
15,2441
16,2427
17,2411
18,2392
19,2372
20,2349
21,2317
22,2277
23,2251
24,2228
25,2196
26,2172
27,2141
28,2113
29,2092
30,2070
31,2047
32,2024
33,1994
34,1951
35,1926
36,1889
37,1840
38,1804
39,1769
40,1732
41,1694
42,1658
43,1631
44,1598
45,1540
46,1494
47,1442
48,1413
49,1382
50,1334
51,1293
52,1253
53,1199
54,1160
55,1109
56,1063
57,1017
58,980
59,954
60,920
61,897
62,873
63,858
64,846
65,827
66,810
67,794
68,778
69,760
70,757
71,743
72,742
73,734
74,724
75,711
76,701
77,691
78,678
79,659
80,632
81,611
82,606
83,587
84,569
85,551
86,537
87,522
88,500
89,489
90,487
91,478
92,458
93,438
94,439
95,437
96,424
97,415
98,408
99,403
100,399
101,388
102,377
103,374
104,365
105,369
106,345
107,345
108,334
109,332
110,327
111,315
112,294
113,278
114,263
115,261
116,258
117,258
118,266
119,264
120,259
121,257
122,254
123,244
124,235
125,249
126,249
127,260
128,256
129,254
130,251
131,248
132,244
133,240
134,237
135,238
136,249
137,257
138,256
139,265
140,265
141,265
142,260
143,254
144,259
145,266
146,258
147,255
148,259
149,266
150,265
151,269
152,269
153,279
154,283
155,293
156,286
157,292
158,299
159,303
160,320
161,329
162,326
163,338
164,341
165,348
166,348
167,341
168,333
169,321
170,313
171,314
172,320
173,330
174,323
175,327
176,333
177,336
178,349
179,350
180,353
181,354
182,348
183,348
184,348
185,349
186,351
187,350
188,351
189,349
190,344
191,340
192,342
193,346
194,346
195,349
196,341
197,339
198,330
199,323
200,308
201,317
202,321
203,332
204,332
205,330
206,336
207,335
208,339
209,333
210,336
211,341
212,334
213,333
214,336
215,338
216,346
217,345
218,347
219,340
220,334
221,339
222,333
223,333
224,340
225,337
226,347
227,338
228,348
229,346
230,347
231,338
232,337
233,339
234,350
235,360
236,371
237,370
238,362
239,376
240,373
241,378
242,360
243,359
244,364
245,370
246,376
247,373
248,369
249,369
250,371
251,375
252,376
253,381
254,400
255,400
256,397
257,398
258,401
259,399
260,400
261,402
262,399
263,394
264,396
265,398
266,396
267,395
268,398
269,419
270,419
271,420
272,419
273,414
274,415
275,424
276,428
277,425
278,417
279,418
280,411
281,412
282,405
283,409
284,408
285,407
286,417
287,423
288,425
289,413
290,402
291,401
292,401
293,409
294,403
295,401
296,400
297,402
298,393
299,396
300,386
301,376
302,379
303,372
304,369
305,382
306,380
307,385
308,380
309,367
310,355
311,350
312,353
313,348
314,339
315,336
316,344
317,347
318,357
319,362
320,358
321,354
322,362
323,357
324,357
325,352
326,353
327,357
328,352
329,358
330,351
331,347
332,352
333,342
334,332
335,323
336,324
337,320
338,313
339,311
340,303
341,297
342,288
343,296
344,297
345,298
346,295
347,299
348,297
349,291
350,296
351,293
352,289
353,286
354,281
355,292
356,292
357,284
358,279
359,272
360,272
361,285
362,297
363,296
364,296
0,2551
1,2551
2,2551
3,2550
4,2550
5,2550
6,2549
7,2546
8,2540
9,2533
10,2525
11,2509
12,2499
13,2483
14,2467
15,2444
16,2424
17,2396
18,2368
19,2341
20,2314
21,2290
22,2256
23,2222
24,2178
25,2144
26,2102
27,2055
28,2012
29,1971
30,1923
31,1878
32,1828
33,1774
34,1730
35,1682
36,1637
37,1588
38,1548
39,1506
40,1452
41,1407
42,1363
43,1312
44,1273
45,1234
46,1202
47,1159
48,1118
49,1083
50,1042
51,1025
52,994
53,977
54,959
55,946
56,928
57,907
58,893
59,876
60,862
61,848
62,845
63,827
64,810
65,805
66,799
67,783
68,778
69,764
70,762
71,755
72,757
73,755
74,753
75,739
76,748
77,734
78,717
79,707
80,700
81,698
82,687
83,671
84,664
85,644
86,618
87,610
88,595
89,584
90,570
91,555
92,555
93,553
94,550
95,543
96,525
97,517
98,523
99,522
100,505
101,496
102,496
103,489
104,477
105,474
106,467
107,452
108,438
109,427
110,421
111,418
112,409
113,405
114,400
115,383
116,386
117,371
118,354
119,356
120,348
121,347
122,344
123,356
124,348
125,339
126,345
127,336
128,329
129,329
130,325
131,324
132,326
133,329
134,323
135,328
136,326
137,330
138,335
139,329
140,328
141,321
142,330
143,332
144,335
145,332
146,328
147,320
148,306
149,300
150,295
151,300
152,295
153,308
154,308
155,308
156,297
157,293
158,285
159,289
160,291
161,290
162,295
163,300
164,295
165,295
166,293
167,295
168,297
169,304
170,294
171,292
172,291
173,291
174,282
175,284
176,275
177,274
178,274
179,293
180,282
181,269
182,274
183,279
184,278
185,285
186,289
187,287
188,290
189,298
190,309
191,307
192,311
193,325
194,327
195,334
196,340
197,341
198,336
199,343
200,342
201,333
202,332
203,330
204,327
205,327
206,326
207,323
208,318
209,314
210,323
211,323
212,317
213,323
214,324
215,323
216,326
217,327
218,326
219,324
220,319
221,315
222,320
223,310
224,307
225,310
226,303
227,304
228,299
229,308
230,307
231,308
232,304
233,305
234,308
235,304
236,298
237,309
238,307
239,302
240,313
241,313
242,312
243,315
244,313
245,315
246,331
247,318
248,307
249,317
250,317
251,321
252,319
253,321
254,318
255,326
256,324
257,327
258,332
259,337
260,346
261,352
262,352
263,359
264,366
265,363
266,360
267,359
268,364
269,347
270,336
271,324
272,319
273,318
274,316
275,321
276,318
277,323
278,333
279,341
280,349
281,343
282,340
283,341
284,354
285,351
286,351
287,356
288,357
289,357
290,371
291,368
292,365
293,370
294,368
295,375
296,377
297,380
298,377
299,366
300,356
301,352
302,348
303,351
304,349
305,353
306,358
307,365
308,368
309,363
310,360
311,352
312,357
313,359
314,353
315,350
316,344
317,341
318,336
319,326
320,321
321,313
322,315
323,313
324,314
325,321
326,328
327,330
328,330
329,335
330,337
331,340
332,351
333,351
334,362
335,368
336,372
337,380
338,377
339,380
340,388
341,395
342,392
343,390
344,389
345,390
346,381
347,375
348,381
349,397
350,398
351,400
352,389
353,388
354,389
355,387
356,389
357,385
358,394
359,392
360,385
361,381
362,385
363,382
364,375
0,2551
1,2550
2,2548
3,2547
4,2543
5,2531
6,2521
7,2508
8,2488
9,2470
10,2452
11,2439
12,2423
13,2408
14,2387
15,2367
16,2346
17,2330
18,2305
19,2283
20,2265
21,2245
22,2210
23,2178
24,2156
25,2126
26,2098
27,2064
28,2027
29,1995
30,1960
31,1942
32,1899
33,1863
34,1821
35,1791
36,1764
37,1731
38,1694
39,1674
40,1641
41,1598
42,1562
43,1519
44,1469
45,1413
46,1368
47,1328
48,1297
49,1238
50,1195
51,1160
52,1130
53,1113
54,1078
55,1062
56,1030
57,1006
58,987
59,970
60,947
61,931
62,918
63,906
64,895
65,886
66,885
67,886
68,867
69,856
70,854
71,847
72,834
73,833
74,822
75,816
76,806
77,801
78,801
79,787
80,774
81,759
82,728
83,721
84,702
85,684
86,672
87,654
88,644
89,626
90,614
91,596
92,577
93,569
94,550
95,538
96,518
97,518
98,513
99,497
100,493
101,483
102,466
103,459
104,456
105,457
106,450
107,437
108,427
109,433
110,436
111,429
112,422
113,416
114,409
115,404
116,397
117,389
118,389
119,388
120,378
121,374
122,373
123,378
124,379
125,374
126,380
127,383
128,391
129,389
130,390
131,389
132,392
133,388
134,376
135,377
136,366
137,360
138,359
139,347
140,340
141,342
142,339
143,332
144,340
145,338
146,331
147,317
148,311
149,313
150,319
151,318
152,316
153,330
154,321
155,314
156,319
157,320
158,315
159,325
160,319
161,327
162,327
163,327
164,327
165,332
166,336
167,328
168,334
169,330
170,322
171,318
172,322
173,317
174,318
175,322
176,320
177,321
178,312
179,306
180,315
181,313
182,315
183,318
184,319
185,328
186,334
187,332
188,334
189,342
190,349
191,344
192,350
193,344
194,351
195,352
196,348
197,339
198,338
199,342
200,340
201,335
202,339
203,340
204,340
205,352
206,352
207,356
208,353
209,349
210,356
211,360
212,353
213,355
214,363
215,363
216,353
217,355
218,364
219,362
220,363
221,360
222,357
223,355
224,358
225,352
226,350
227,343
228,335
229,335
230,334
231,340
232,340
233,335
234,338
235,340
236,337
237,341
238,345
239,343
240,339
241,350
242,348
243,345
244,353
245,362
246,352
247,337
248,345
249,350
250,342
251,342
252,340
253,347
254,345
255,339
256,336
257,323
258,329
259,323
260,313
261,302
262,319
263,330
264,327
265,319
266,323
267,324
268,319
269,319
270,317
271,313
272,314
273,315
274,324
275,312
276,309
277,309
278,301
279,302
280,306
281,298
282,291
283,286
284,290
285,293
286,306
287,315
288,327
289,321
290,328
291,330
292,335
293,333
294,335
295,345
296,341
297,332
298,333
299,332
300,335
301,346
302,349
303,348
304,341
305,336
306,349
307,350
308,347
309,363
310,367
311,360
312,361
313,353
314,344
315,335
316,324
317,321
318,326
319,317
320,313
321,313
322,314
323,318
324,325
325,329
326,322
327,313
328,316
329,322
330,318
331,314
332,327
333,332
334,336
335,347
336,327
337,332
338,342
339,332
340,327
341,331
342,329
343,314
344,323
345,327
346,324
347,319
348,325
349,321
350,321
351,316
352,317
353,310
354,314
355,306
356,306
357,297
358,307
359,307
360,304
361,310
362,318
363,307
364,307
0,2551
1,2549
2,2549
3,2544
4,2542
5,2534
6,2520
7,2494
8,2468
9,2446
10,2410
11,2364
12,2322
13,2268
14,2219
15,2174
16,2120
17,2081
18,2034
19,1972
20,1911
21,1869
22,1813
23,1757
24,1709
25,1662
26,1628
27,1592
28,1559
29,1526
30,1505
31,1477
32,1456
33,1424
34,1390
35,1369
36,1333
37,1292
38,1274
39,1237
40,1199
41,1155
42,1103
43,1060
44,1001
45,952
46,904
47,851
48,793
49,738
50,714
51,690
52,651
53,626
54,601
55,581
56,557
57,526
58,507
59,491
60,470
61,464
62,462
63,448
64,446
65,439
66,428
67,426
68,412
69,404
70,395
71,396
72,386
73,389
74,384
75,375
76,375
77,362
78,355
79,350
80,348
81,335
82,330
83,335
84,327
85,324
86,323
87,314
88,323
89,311
90,304
91,299
92,298
93,294
94,287
95,291
96,292
97,300
98,302
99,300
100,300
101,297
102,295
103,298
104,300
105,289
106,294
107,292
108,291
109,290
110,284
111,287
112,284
113,279
114,286
115,283
116,291
117,290
118,299
119,296
120,286
121,284
122,288
123,294
124,289
125,293
126,291
127,296
128,298
129,301
130,298
131,311
132,318
133,318
134,323
135,333
136,331
137,326
138,324
139,329
140,324
141,328
142,325
143,334
144,329
145,324
146,321
147,322
148,316
149,310
150,308
151,309
152,302
153,290
154,292
155,293
156,287
157,276
158,269
159,272
160,270
161,274
162,283
163,278
164,273
165,285
166,277
167,287
168,293
169,294
170,284
171,282
172,287
173,293
174,302
175,308
176,305
177,313
178,308
179,319
180,321
181,318
182,328
183,319
184,309
185,312
186,310
187,298
188,299
189,306
190,315
191,311
192,313
193,310
194,311
195,300
196,303
197,310
198,309
199,314
200,318
201,321
202,329
203,330
204,333
205,327
206,309
207,312
208,307
209,316
210,317
211,321
212,315
213,318
214,322
215,317
216,310
217,318
218,329
219,323
220,319
221,319
222,317
223,317
224,319
225,311
226,311
227,316
228,319
229,321
230,321
231,324
232,316
233,314
234,314
235,309
236,329
237,333
238,334
239,342
240,351
241,356
242,359
243,369
244,366
245,370
246,383
247,384
248,383
249,381
250,384
251,388
252,388
253,389
254,401
255,395
256,394
257,396
258,393
259,391
260,396
261,404
262,417
263,413
264,415
265,411
266,403
267,414
268,416
269,426
270,425
271,430
272,437
273,432
274,442
275,433
276,438
277,447
278,447
279,442
280,447
281,435
282,432
283,420
284,412
285,409
286,414
287,411
288,403
289,403
290,397
291,384
292,380
293,381
294,381
295,381
296,390
297,383
298,378
299,388
300,384
301,394
302,401
303,405
304,408
305,404
306,395
307,386
308,387
309,389
310,393
311,388
312,386
313,388
314,390
315,383
316,384
317,384
318,386
319,389
320,400
321,403
322,396
323,392
324,392
325,397
326,398
327,400
328,407
329,405
330,404
331,397
332,406
333,413
334,415
335,410
336,405
337,404
338,400
339,401
340,400
341,396
342,386
343,389
344,391
345,390
346,378
347,380
348,382
349,387
350,382
351,374
352,380
353,381
354,378
355,385
356,384
357,377
358,377
359,376
360,382
361,379
362,381
363,393
364,386
0,2551
1,2550
2,2550
3,2550
4,2549
5,2546
6,2545
7,2540
8,2537
9,2531
10,2525
11,2518
12,2509
13,2502
14,2489
15,2480
16,2465
17,2452
18,2438
19,2416
20,2395
21,2375
22,2347
23,2317
24,2292
25,2269
26,2242
27,2219
28,2197
29,2177
30,2157
31,2130
32,2105
33,2088
34,2059
35,2034
36,2014
37,1991
38,1964
39,1938
40,1897
41,1848
42,1790
43,1757
44,1719
45,1684
46,1649
47,1620
48,1586
49,1542
50,1485
51,1432
52,1371
53,1324
54,1272
55,1216
56,1165
57,1109
58,1065
59,1011
60,969
61,918
62,876
63,828
64,780
65,732
66,686
67,638
68,584
69,546
70,517
71,490
72,466
73,443
74,429
75,412
76,391
77,371
78,354
79,348
80,337
81,322
82,318
83,294
84,278
85,274
86,264
87,262
88,259
89,247
90,241
91,241
92,233
93,215
94,209
95,209
96,209
97,207
98,214
99,212
100,204
101,197
102,200
103,193
104,196
105,190
106,193
107,202
108,202
109,211
110,212
111,211
112,222
113,228
114,225
115,221
116,226
117,225
118,228
119,224
120,231
121,235
122,231
123,230
124,229
125,237
126,249
127,254
128,246
129,260
130,258
131,266
132,274
133,279
134,284
135,278
136,277
137,268
138,267
139,261
140,258
141,262
142,267
143,269
144,259
145,259
146,270
147,269
148,261
149,267
150,260
151,262
152,272
153,272
154,271
155,268
156,264
157,268
158,272
159,272
160,267
161,268
162,269
163,261
164,267
165,275
166,282
167,283
168,292
169,292
170,296
171,296
172,307
173,313
174,322
175,325
176,327
177,332
178,333
179,332
180,327
181,318
182,310
183,317
184,311
185,305
186,307
187,306
188,302
189,302
190,314
191,311
192,312
193,309
194,308
195,311
196,312
197,313
198,304
199,306
200,312
201,312
202,308
203,312
204,303
205,304
206,309
207,317
208,316
209,307
210,312
211,317
212,319
213,306
214,310
215,306
216,309
217,319
218,311
219,317
220,314
221,314
222,314
223,317
224,313
225,309
226,314
227,317
228,314
229,314
230,319
231,317
232,323
233,309
234,314
235,323
236,321
237,325
238,330
239,323
240,324
241,333
242,335
243,352
244,361
245,357
246,351
247,361
248,361
249,354
250,355
251,344
252,349
253,348
254,346
255,357
256,356
257,363
258,356
259,367
260,363
261,360
262,354
263,359
264,356
265,347
266,352
267,362
268,355
269,357
270,360
271,358
272,351
273,347
274,330
275,337
276,338
277,338
278,329
279,329
280,330
281,329
282,324
283,327
284,332
285,328
286,327
287,320
288,329
289,328
290,338
291,330
292,329
293,330
294,340
295,332
296,338
297,347
298,342
299,342
300,347
301,348
302,348
303,344
304,343
305,350
306,349
307,357
308,355
309,345
310,335
311,340
312,349
313,348
314,341
315,342
316,339
317,337
318,335
319,328
320,322
321,320
322,330
323,318
324,325
325,316
326,314
327,313
328,305
329,307
330,314
331,314
332,318
333,319
334,329
335,325
336,327
337,335
338,329
339,324
340,323
341,321
342,323
343,322
344,328
345,327
346,326
347,324
348,324
349,324
350,328
351,321
352,321
353,325
354,327
355,321
356,328
357,327
358,323
359,330
360,325
361,328
362,334
363,319
364,314
